Date,Open,High,Low,Close,Vol.,Change %
30-Nov-15,21.5,21.5,21.5,21.5,0.10K,-9.47%
01-Dec-15,19.35,22,19.35,21.5,64.00K,0.00%
02-Dec-15,21.5,21.5,20.5,21,17.00K,-2.33%
03-Dec-15,19.5,22,19.5,20.5,243.00K,-2.38%
04-Dec-15,22,22,20,21.25,120.60K,3.66%
07-Dec-15,21,22,19.5,21,77.60K,-1.18%
08-Dec-15,21,21.25,20.5,20.75,28.80K,-1.19%
09-Dec-15,21,21.5,20.5,20.75,102.70K,0.00%
10-Dec-15,21,21,20.75,20.75,4.00K,0.00%
11-Dec-15,20.75,20.75,20.5,20.5,47.50K,-1.20%
14-Dec-15,21,21,20.5,20.25,40.40K,-1.22%
15-Dec-15,21,21,20,20.25,31.00K,0.00%
16-Dec-15,20.5,21,20,20.25,216.20K,0.00%
17-Dec-15,20.25,21,20,20.5,24.20K,1.23%
18-Dec-15,20.75,21,20.5,20.75,21.10K,1.22%
21-Dec-15,21,21,20.5,20.75,11.70K,0.00%
22-Dec-15,20,21,20,20.75,35.20K,0.00%
23-Dec-15,21,21,20.5,20.75,53.40K,0.00%
24-Dec-15,20.75,22,20.25,21,63.50K,1.20%
28-Dec-15,22,22.25,21,21.75,59.50K,3.57%
29-Dec-15,22.5,22.5,21,21,11.60K,-3.45%
30-Dec-15,21.75,22.5,21.75,22.25,30.30K,5.95%
31-Dec-15,0,22.25,22,22,2.50K,-1.12%
04-Jan-16,22,22,21,21.75,31.70K,-1.14%
05-Jan-16,22,22,21.5,21.75,50.20K,0.00%
06-Jan-16,21.5,22,21,21.25,25.60K,-2.30%
07-Jan-16,21,21.25,21,21,26.10K,-1.18%
08-Jan-16,21,21,20.5,20.75,53.20K,-1.19%
11-Jan-16,21,21.25,20.75,21,28.40K,1.20%
12-Jan-16,21.25,21.25,21,21,22.40K,0.00%
13-Jan-16,21,21,20.5,20.75,19.20K,-1.19%
14-Jan-16,20.5,21,20.25,20.75,40.70K,0.00%
15-Jan-16,20.75,21,20.75,20.75,21.20K,0.00%
18-Jan-16,21,21,20.75,20.75,13.90K,0.00%
19-Jan-16,21,21,20,20.5,40.10K,-1.20%
20-Jan-16,20.5,21,20,20.75,10.90K,1.22%
21-Jan-16,20.5,20.75,19.5,20,30.30K,-3.61%
22-Jan-16,20.75,20.75,20.75,20.75,4.10K,3.75%
25-Jan-16,20.75,20.75,20.25,20.25,1.40K,-2.41%
26-Jan-16,20.25,20.25,20,20,2.90K,-1.23%
27-Jan-16,20.25,20.25,19,19.95,49.90K,-0.25%
28-Jan-16,19,20,19,20,145.40K,0.25%
29-Jan-16,20,20,20,20,52.30K,0.00%
01-Feb-16,20,20,19.75,19.95,10.10K,-0.25%
02-Feb-16,19.75,20.5,19.5,20,33.40K,0.25%
03-Feb-16,19.95,20.75,19.5,20,26.90K,0.00%
04-Feb-16,19.5,21,19.5,20.25,21.00K,1.25%
05-Feb-16,20,20.75,20,20,6.30K,-1.23%
08-Feb-16,20,20,19.5,19.75,6.40K,-1.25%
09-Feb-16,20,20.5,19.85,20,29.10K,1.27%
10-Feb-16,20.25,20.25,20,20,30.50K,0.00%
11-Feb-16,20.5,20.5,20,20,15.70K,0.00%
12-Feb-16,20,20.25,20,20,45.20K,0.00%
15-Feb-16,20,20.25,20,20,24.90K,0.00%
16-Feb-16,20,20.5,20,20,27.50K,0.00%
17-Feb-16,20,20.5,19.5,20,48.90K,0.00%
18-Feb-16,20,20,20,20,351.70K,0.00%
19-Feb-16,20.25,20.25,20,20,18.20K,0.00%
22-Feb-16,20,20,20,20,91.30K,0.00%
23-Feb-16,20,20.25,20,20,18.70K,0.00%
24-Feb-16,20,20.5,20,20,26.10K,0.00%
25-Feb-16,20,20.5,20,20.25,12.90K,1.25%
26-Feb-16,20.25,20.25,20,20,29.30K,-1.23%
29-Feb-16,20.25,20.25,20,20,6.70K,0.00%
01-Mar-16,20.25,20.25,20,20,7.90K,0.00%
02-Mar-16,20.25,20.25,20,20,5.20K,0.00%
03-Mar-16,20,20.25,20,20,70.90K,0.00%
04-Mar-16,20,20.25,20,20,24.90K,0.00%
07-Mar-16,20,20.25,20,20,50.20K,0.00%
08-Mar-16,20,20.25,20,20,53.90K,0.00%
09-Mar-16,20.25,20.25,20,20,70.20K,0.00%
10-Mar-16,20,20.25,20,20,37.30K,0.00%
11-Mar-16,20,20.25,20,20,33.70K,0.00%
14-Mar-16,20,20.25,20,20,13.70K,0.00%
15-Mar-16,20,21,20,20.25,71.50K,1.25%
16-Mar-16,20,20.5,20,20.25,19.50K,0.00%
17-Mar-16,20,20.25,20,20,18.30K,-1.23%
18-Mar-16,20,20.25,20,20,7.70K,0.00%
21-Mar-16,20,20,20,20,24.10K,0.00%
22-Mar-16,20,21,20,20.5,44.60K,2.50%
23-Mar-16,20.5,21,20.5,20.5,32.50K,0.00%
24-Mar-16,20.5,21,20,20.5,97.30K,0.00%
29-Mar-16,20.5,22,20,20.75,199.50K,1.22%
30-Mar-16,20.75,22,20.75,21.25,70.80K,2.41%
31-Mar-16,22,23.25,22,22.5,397.60K,5.88%
01-Apr-16,22,22.25,22,22,33.30K,-2.22%
04-Apr-16,22,22,20.25,21,4.10K,-4.55%
05-Apr-16,20,22,20,21.25,4.90K,1.19%
06-Apr-16,22,22,21.5,21.5,6.10K,1.18%
07-Apr-16,21.5,21.5,20,20.5,16.60K,-4.65%
08-Apr-16,20.25,20.5,20,20,11.40K,-2.44%
11-Apr-16,20,21,20,20.25,27.60K,1.25%
12-Apr-16,21,21,20,20.5,10.20K,1.23%
13-Apr-16,20.5,21,20,20.75,16.80K,1.22%
14-Apr-16,20.5,21,20,20.5,49.90K,-1.20%
15-Apr-16,20,21.5,19.5,20.5,37.40K,0.00%
18-Apr-16,21,21,21,21,31.00K,2.44%
19-Apr-16,19.5,21,19,20.25,49.00K,-3.57%
20-Apr-16,20.75,21,20.75,20.75,4.30K,2.47%
21-Apr-16,21,21,20,20.25,101.50K,-2.41%
22-Apr-16,20,21,19.8,20.5,67.70K,1.23%
25-Apr-16,21,21,21,21,9.10K,2.44%
26-Apr-16,21,21,21,21,26.90K,0.00%
27-Apr-16,21,21,21,21,15.50K,0.00%
28-Apr-16,21,21,19,20.25,11.50K,-3.57%
29-Apr-16,22,22,21,21.75,67.70K,7.41%
03-May-16,22,22,19.6,21.75,5.20K,0.00%
04-May-16,19.6,20.75,19.6,20,21.20K,-8.05%
05-May-16,20,20,20,20,1.00K,0.00%
06-May-16,21,21,21,21,0.10K,5.00%
09-May-16,21,21,20,20,36.30K,-4.76%
10-May-16,20,21,20,20,6.30K,0.00%
11-May-16,20,20.25,20,20,15.40K,0.00%
12-May-16,20,20.25,20,20,4.60K,0.00%
13-May-16,20,20.5,20,20,22.10K,0.00%
16-May-16,20,20.25,20,20,17.10K,0.00%
17-May-16,20,20.25,19.9,20,46.60K,0.00%
18-May-16,19,20,19,19.95,17.00K,-0.25%
19-May-16,19.9,19.9,19.05,19.4,4.20K,-2.76%
20-May-16,19.5,19.5,19.5,19.5,1.50K,0.52%
23-May-16,19.5,21,19.5,20,61.50K,2.56%
24-May-16,20,21,19.15,20,9.80K,0.00%
25-May-16,20,21,19.15,20,6.60K,0.00%
26-May-16,19.55,19.55,19.55,19.55,2.00K,-2.25%
27-May-16,19.3,19.3,19.05,19.05,5.00K,-2.56%
30-May-16,19.55,20,19.55,19.95,16.40K,4.72%
31-May-16,20,20.75,19.55,20,11.10K,0.25%
02-Jun-16,19.1,21.25,19,20,31.50K,0.00%
03-Jun-16,20,20,18.2,19.55,8.40K,-2.25%
06-Jun-16,19,21,19,20,26.70K,2.30%
07-Jun-16,20,20.75,19.05,20,30.40K,0.00%
08-Jun-16,20,20,20,20,10.00K,0.00%
09-Jun-16,20.5,20.5,20,20.25,43.70K,1.25%
10-Jun-16,20.5,20.5,20,20.25,23.60K,0.00%
13-Jun-16,20.5,20.5,20,20.25,61.20K,0.00%
14-Jun-16,20.5,21,18.7,20.25,39.90K,0.00%
15-Jun-16,20.5,20.5,20.5,20.5,13.50K,1.23%
16-Jun-16,20.75,21,20.5,20.5,35.50K,0.00%
17-Jun-16,20.75,21,20.5,20.5,48.40K,0.00%
20-Jun-16,21,21.25,21,21,71.50K,2.44%
21-Jun-16,21,21,21,21,135.20K,0.00%
22-Jun-16,21,21,21,21,28.60K,0.00%
23-Jun-16,21,21,21,21,42.00K,0.00%
24-Jun-16,21,21,21,21,21.00K,0.00%
27-Jun-16,21,21,21,21,75.00K,0.00%
28-Jun-16,21,22.75,21,21.75,158.20K,3.57%
29-Jun-16,21.5,22.75,21.5,21.75,118.10K,0.00%
30-Jun-16,21.75,21.75,21.75,21.75,12.80K,0.00%
01-Jul-16,21,21,20.25,20.25,7.20K,-6.90%
04-Jul-16,18.4,20.5,18.3,18.75,18.30K,-7.41%
05-Jul-16,19.55,19.55,19.5,19.55,11.30K,4.27%
06-Jul-16,19.55,20,19.55,19.75,3.80K,1.02%
08-Jul-16,20.5,20.5,18.6,18.75,2.70K,-5.06%
11-Jul-16,18.75,19.5,18.55,18.65,9.80K,-0.53%
12-Jul-16,18.7,19,18.7,18.7,9.30K,0.27%
13-Jul-16,18.7,18.7,18.55,18.6,10.20K,-0.53%
14-Jul-16,18.7,19,18.7,18.7,14.20K,0.54%
15-Jul-16,18.7,18.9,18.55,18.7,10.10K,0.00%
18-Jul-16,18.55,18.9,18.55,18.55,4.80K,-0.80%
19-Jul-16,18.6,18.6,18.55,18.55,1.70K,0.00%
20-Jul-16,18.55,18.55,18.5,18.5,105.90K,-0.27%
21-Jul-16,18.05,18.45,18.05,18.05,14.90K,-2.43%
22-Jul-16,18,18.05,18,18,7.30K,-0.28%
25-Jul-16,18.05,18.5,18.05,18.05,6.10K,0.28%
26-Jul-16,18.05,18.5,18,18.05,10.20K,0.00%
27-Jul-16,18.05,19.55,16.25,18.05,52.80K,0.00%
28-Jul-16,19,19,18,18,69.60K,-0.28%
29-Jul-16,17.5,19,16.3,18,84.00K,0.00%
01-Aug-16,17,18,17,17.25,3.50K,-4.17%
02-Aug-16,18,18.95,16.5,18.1,7.20K,4.93%
03-Aug-16,17.5,17.5,16.3,16.35,92.60K,-9.67%
04-Aug-16,16.5,16.5,14.75,15.5,3.80K,-5.20%
05-Aug-16,16,17,15.6,16.35,15.90K,5.48%
08-Aug-16,16.35,16.35,15.6,15.85,12.50K,-3.06%
09-Aug-16,15.7,17,15.05,15.55,37.80K,-1.89%
10-Aug-16,15,15,15,15,16.80K,-3.54%
11-Aug-16,15.5,16,13.5,14.3,7.60K,-4.67%
12-Aug-16,15,15,13.5,13.75,64.20K,-3.85%
15-Aug-16,14,14.5,13.85,14.15,3.80K,2.91%
16-Aug-16,14.5,14.5,14,14.1,0.40K,-0.35%
17-Aug-16,14,14,13.5,13.7,28.70K,-2.84%
18-Aug-16,13.8,13.8,12.4,12.55,36.30K,-8.39%
19-Aug-16,11.3,11.3,11.3,11.3,96.60K,-9.96%
22-Aug-16,12.4,12.4,10.2,10.45,1.04M,-7.52%
23-Aug-16,10.25,11.3,10.2,10.5,21.30K,0.48%
24-Aug-16,11.55,11.55,10.55,11.1,2.30K,5.71%
25-Aug-16,11,11,10.5,10.55,20.00K,-4.95%
26-Aug-16,10.9,10.9,10,10.4,142.60K,-1.42%
29-Aug-16,11.35,11.35,11.3,11.3,2.70K,8.65%
30-Aug-16,11.3,11.5,10.2,10.75,110.50K,-4.87%
31-Aug-16,11.5,11.5,10.75,11.1,2.10K,3.26%
01-Sep-16,11.5,11.5,10.8,11.45,53.20K,3.15%
02-Sep-16,11.9,11.9,10.8,11.25,6.90K,-1.75%
05-Sep-16,11.85,11.9,11.5,11.8,17.20K,4.89%
06-Sep-16,10.85,11.1,10.65,10.75,11.30K,-8.90%
07-Sep-16,10.5,11,10.4,10.4,5.80K,-3.26%
08-Sep-16,11.4,11.4,10.55,11.2,12.20K,7.69%
09-Sep-16,11,11,11,11,4.50K,-1.79%
13-Sep-16,11,12.05,11,11.25,12.10K,2.27%
14-Sep-16,12.25,12.35,12.25,12.3,137.80K,9.33%
15-Sep-16,13.5,13.5,12,13.35,21.20K,8.54%
16-Sep-16,13.8,14.65,13.8,14.05,434.80K,5.24%
19-Sep-16,14.9,15,13.5,14.8,9.20K,5.34%
20-Sep-16,13.65,15,13.35,13.8,62.40K,-6.76%
21-Sep-16,15,15,12.45,13.2,54.60K,-4.35%
22-Sep-16,13.8,13.8,13.75,13.75,3.70K,4.17%
23-Sep-16,14,14,14,14,2.00K,1.82%
26-Sep-16,13.8,14.7,13.5,13.65,8.60K,-2.50%
27-Sep-16,14.8,14.8,14.8,14.8,0.30K,8.42%
28-Sep-16,14,14.5,14,14.1,7.20K,-4.73%
29-Sep-16,14,14.85,13.75,13.8,52.80K,-2.13%
30-Sep-16,14,14,14,14,0.50K,1.45%
03-Oct-16,14,14,13.75,13.75,71.00K,-1.79%
04-Oct-16,14,14.4,13.75,13.75,29.60K,0.00%
05-Oct-16,15,15.1,13.75,14.1,48.30K,2.55%
06-Oct-16,14.9,14.95,13.75,13.9,22.10K,-1.42%
07-Oct-16,14,14,13.6,13.95,103.70K,0.36%
10-Oct-16,13.8,14.5,13.2,13.95,1.10K,0.00%
11-Oct-16,13.9,14.6,13.5,14.55,10.40K,4.30%
12-Oct-16,13.5,14.25,13.5,13.8,7.60K,-5.15%
13-Oct-16,13.55,14.2,13,13,33.40K,-5.80%
14-Oct-16,14.15,14.15,13.5,13.7,2.20K,5.38%
17-Oct-16,14,15,13.6,14,4.10K,2.19%
18-Oct-16,14.2,14.2,14.2,14.2,0.50K,1.43%
19-Oct-16,14.15,14.15,13.75,13.8,7.20K,-2.82%
21-Oct-16,13.8,13.8,13.8,13.8,0.40K,0.00%
24-Oct-16,13.8,13.8,12.65,13.2,4.00K,-4.35%
25-Oct-16,13.8,14.2,13.8,14,4.50K,6.06%
26-Oct-16,13.8,13.8,13.8,13.8,1.00K,-1.43%
27-Oct-16,13.7,13.8,13.3,13.55,9.60K,-1.81%
28-Oct-16,13.55,13.55,13.15,13.35,1.00K,-1.48%
31-Oct-16,13.15,13.15,13.05,13.1,1.80K,-1.87%
01-Nov-16,13.4,13.4,13.1,13.25,1.00K,1.15%
02-Nov-16,13.15,13.95,13,13,16.50K,-1.89%
04-Nov-16,13.8,13.8,13.75,13.75,0.50K,5.77%
07-Nov-16,13.75,13.75,13.75,13.75,4.10K,0.00%
09-Nov-16,13.75,13.75,12.5,12.65,10.10K,-8.00%
10-Nov-16,12.5,12.8,12.5,12.5,6.50K,-1.19%
11-Nov-16,12.7,12.8,12.5,12.5,10.80K,0.00%
14-Nov-16,12.3,13,12,12.55,5.70K,0.40%
15-Nov-16,12.5,13,11.7,11.9,29.90K,-5.18%
16-Nov-16,13,13,12.15,12.2,11.10K,2.52%
17-Nov-16,12.2,12.2,12.2,12.2,0.60K,0.00%
18-Nov-16,13.15,13.15,12.2,12.6,2.20K,3.28%
21-Nov-16,12.3,13.85,12.3,13.7,30.70K,8.73%
22-Nov-16,13.95,14.25,13.95,14.15,28.80K,3.28%
24-Nov-16,13.5,13.5,13.15,13.4,4.50K,-5.30%
25-Nov-16,13.5,13.5,13,13.25,5.40K,-1.12%
29-Nov-16,13,13.25,13,13,2.20K,-1.89%
30-Nov-16,14,14,12.95,13,6.50K,0.00%
01-Dec-16,13,13,11.8,12.75,12.70K,-1.92%
02-Dec-16,13,13,12.5,12.55,2.80K,-1.57%
05-Dec-16,12,13,11.3,11.55,2.70K,-7.97%
06-Dec-16,12.3,12.3,12.2,12.2,4.90K,5.63%
07-Dec-16,12.35,12.35,12.35,12.35,21.50K,1.23%
08-Dec-16,13,13,13,13,17.30K,5.26%
09-Dec-16,13,13,13,13,28.10K,0.00%
13-Dec-16,12.6,12.6,12.6,12.6,1.00K,-3.08%
14-Dec-16,12.6,12.6,12.6,12.6,2.00K,0.00%
15-Dec-16,13,13,13,13,41.30K,3.17%
16-Dec-16,13.5,13.5,13.5,13.5,0.10K,3.85%
19-Dec-16,12.6,13,12.5,12.8,2.90K,-5.19%
20-Dec-16,12.8,12.8,12.35,12.55,3.50K,-1.95%
21-Dec-16,12.35,12.35,12.35,12.35,1.00K,-1.59%
28-Dec-16,12.35,12.4,12.35,12.35,3.20K,0.00%
29-Dec-16,12,12.35,11.4,11.5,7.00K,-6.88%
30-Dec-16,11.65,11.65,11.65,11.65,0.20K,1.30%
03-Jan-17,12.4,12.4,11.6,11.95,3.80K,2.58%
04-Jan-17,11.75,12,11.75,11.9,23.90K,-0.42%
05-Jan-17,12,13,11.7,11.7,1.57M,-1.68%
06-Jan-17,11.8,12,11.7,11.75,15.50K,0.43%
09-Jan-17,11.7,11.7,11.7,11.7,2.00K,-0.43%
10-Jan-17,11.65,11.65,11.65,11.65,1.00K,-0.43%
11-Jan-17,11.65,11.65,11.5,11.55,4.50K,-0.86%
12-Jan-17,12.3,12.3,11.4,11.5,1.20K,-0.43%
13-Jan-17,12,12,11,11.45,2.00K,-0.43%
16-Jan-17,11.5,11.55,11,11.5,16.80K,0.44%
17-Jan-17,11,12.65,10.5,11.55,7.80K,0.43%
18-Jan-17,11.75,11.75,11.6,11.6,10.30K,0.43%
19-Jan-17,11.6,11.6,11.6,11.6,3.00K,0.00%
20-Jan-17,12.7,12.7,12.7,12.7,0.10K,9.48%
23-Jan-17,12.7,12.7,12.4,12.4,3.40K,-2.36%
24-Jan-17,12,12.5,11.5,12.05,6.40K,-2.82%
25-Jan-17,11.55,11.55,11.55,11.55,1.70K,-4.15%
26-Jan-17,12.5,12.5,12.5,12.5,0.10K,8.23%
27-Jan-17,12.5,12.5,12.5,12.5,1.00K,0.00%
30-Jan-17,12.5,12.5,12.5,12.5,2.00K,0.00%
31-Jan-17,12.7,12.7,11.5,12.05,5.90K,-3.60%
02-Feb-17,11,11,11,11,15.00K,-8.71%
03-Feb-17,10.5,11,10.5,10.7,3.90K,-2.73%
06-Feb-17,10.55,11,10.5,10.85,30.10K,1.40%
07-Feb-17,10.5,11,10.5,10.5,13.00K,-3.23%
08-Feb-17,10.5,10.85,10.5,10.75,2.00K,2.38%
09-Feb-17,10.85,10.85,10.75,10.8,1.50K,0.47%
10-Feb-17,10.8,10.8,10.75,10.75,12.60K,-0.46%
13-Feb-17,11.8,11.8,11.8,11.8,0.10K,9.77%
14-Feb-17,10.8,10.8,10.75,10.75,5.60K,-8.90%
15-Feb-17,10.85,10.85,10.75,10.8,3.20K,0.47%
17-Feb-17,11.8,11.8,11.8,11.8,1.00K,9.26%
20-Feb-17,10.75,10.8,10.65,10.7,4.10K,-9.32%
21-Feb-17,10.5,10.7,10.5,10.55,1.60K,-1.40%
22-Feb-17,10.7,11.2,10.5,11.15,893.30K,5.69%
23-Feb-17,10.5,11.8,10.5,11.25,95.60K,0.90%
24-Feb-17,11.7,11.8,11.7,11.7,4.20K,4.00%
27-Feb-17,11.7,11.7,10.8,11.3,2.40K,-3.42%
28-Feb-17,11.4,11.4,11.4,11.4,0.10K,0.88%
01-Mar-17,11.4,11.4,10.5,10.85,3.60K,-4.82%
02-Mar-17,10.8,10.8,10.8,10.8,1.50K,-0.46%
03-Mar-17,10.9,10.9,10.8,10.8,1.00K,0.00%
06-Mar-17,10.8,10.8,10.8,10.8,0.40K,0.00%
07-Mar-17,10.8,10.8,10.6,10.75,6.10K,-0.46%
08-Mar-17,10.8,10.8,10.8,10.8,1.00K,0.47%
10-Mar-17,10.8,11,10.8,10.85,2.30K,0.46%
13-Mar-17,11.45,11.45,10.5,10.95,35.90K,0.92%
14-Mar-17,10.5,10.7,10.5,10.5,113.30K,-4.11%
15-Mar-17,10.7,10.7,10.5,10.5,11.30K,0.00%
16-Mar-17,10.5,10.5,10.4,10.4,3.10K,-0.95%
17-Mar-17,11,11,10.4,10.9,2.60K,4.81%
20-Mar-17,10.4,11.4,10.4,10.85,2.50K,-0.46%
21-Mar-17,10.65,10.65,10.45,10.5,109.00K,-3.23%
22-Mar-17,10.5,10.5,10.5,10.5,5.70K,0.00%
23-Mar-17,10.6,10.6,10.4,10.5,41.80K,0.00%
24-Mar-17,10.5,10.5,10.3,10.45,196.40K,-0.48%
27-Mar-17,10.5,11.4,10.5,10.9,15.50K,4.31%
28-Mar-17,11.4,11.4,11,11.1,1.60K,1.83%
29-Mar-17,11.4,11.4,10.8,10.9,3.70K,-1.80%
30-Mar-17,10.8,10.8,10.5,10.7,1.00K,-1.83%
31-Mar-17,11,11.5,11,11,44.60K,2.80%
03-Apr-17,11,11,10.8,10.9,4.90K,-0.91%
04-Apr-17,11,11,10.8,10.9,4.10K,0.00%
05-Apr-17,11,11,10.8,10.85,12.10K,-0.46%
06-Apr-17,10.9,11,10.7,10.9,6.20K,0.46%
07-Apr-17,11,11,11,11,8.70K,0.92%
10-Apr-17,10.9,11.7,10.5,10.6,9.20K,-3.64%
11-Apr-17,11,11.6,10.5,10.85,7.30K,2.36%
12-Apr-17,10.9,11.5,10.85,11,2.90K,1.38%
13-Apr-17,11.5,11.5,11.5,11.5,1.00K,4.55%
18-Apr-17,10.9,11.5,10.9,11.15,2.80K,-3.04%
20-Apr-17,11,11,11,11,1.00K,-1.35%
21-Apr-17,11,11,10.9,10.9,11.00K,-0.91%
24-Apr-17,11.2,11.2,11.2,11.2,0.10K,2.75%
25-Apr-17,11.2,11.2,11,11,6.00K,-1.79%
26-Apr-17,11.2,11.2,11.2,11.2,2.00K,1.82%
27-Apr-17,11,11,11,11,20.00K,-1.79%
28-Apr-17,11,11.2,11,11,1.50K,0.00%
02-May-17,11.5,11.5,10,10.7,21.30K,-2.73%
03-May-17,11,11,11,11,4.60K,2.80%
04-May-17,11,12,10.8,11,3.60K,0.00%
08-May-17,10.8,10.8,10,10.45,16.20K,-5.00%
09-May-17,11,11,10.45,10.9,34.60K,4.31%
10-May-17,10.5,10.5,10.5,10.5,4.40K,-3.67%
11-May-17,10.5,11,10.5,10.5,6.70K,0.00%
12-May-17,11.55,11.55,10.5,10.5,7.70K,0.00%
15-May-17,11.35,11.35,10.45,10.55,11.30K,0.48%
18-May-17,10.4,10.5,10.4,10.4,4.00K,-1.42%
19-May-17,10.4,11.3,10.4,10.55,3.00K,1.44%
23-May-17,10.55,10.6,10.5,10.5,2.60K,-0.47%
24-May-17,10.6,10.6,10.6,10.6,0.40K,0.95%
25-May-17,11,11.35,11,11,1.40K,3.77%
26-May-17,11.25,11.25,10.6,10.8,1.30K,-1.82%
29-May-17,10.6,11,10,10.35,15.70K,-4.17%
30-May-17,10.8,11,10.8,10.8,4.30K,4.35%
31-May-17,10.4,10.5,10.4,10.45,4.50K,-3.24%
02-Jun-17,11.3,11.3,10.5,10.65,8.10K,1.91%
05-Jun-17,10,11.25,10,10.6,51.40K,-0.47%
06-Jun-17,11.25,11.25,10.5,10.55,2.30K,-0.47%
07-Jun-17,11.2,11.2,10.4,10.5,26.40K,-0.47%
08-Jun-17,10.8,10.8,10.8,10.8,0.10K,2.86%
09-Jun-17,11.25,11.25,11,11.2,0.70K,3.70%
12-Jun-17,11.25,11.7,11.25,11.25,51.20K,0.45%
13-Jun-17,11.7,11.7,11.25,11.5,24.40K,2.22%
14-Jun-17,11.35,12,11.35,11.5,7.30K,0.00%
15-Jun-17,11.5,12,11.35,11.7,9.70K,1.74%
16-Jun-17,12.25,12.25,12.2,12.2,0.30K,4.27%
19-Jun-17,12.9,13,12,12.8,39.20K,4.92%
20-Jun-17,12.15,12.5,12.15,12.25,30.10K,-4.30%
21-Jun-17,12.5,13,12.5,12.8,12.20K,4.49%
22-Jun-17,13,13,12.1,12.95,63.10K,1.17%
23-Jun-17,12.5,12.5,12.5,12.5,31.50K,-3.47%
27-Jun-17,12.45,12.45,12,12.15,2.50K,-2.80%
28-Jun-17,12.4,12.4,12.35,12.35,0.40K,1.65%
29-Jun-17,12.35,12.4,12.35,12.35,37.70K,0.00%
30-Jun-17,12.5,13,12.5,12.55,2.90K,1.62%
03-Jul-17,13,13,12.5,12.6,2.00K,0.40%
04-Jul-17,12.5,12.5,12.35,12.45,19.00K,-1.19%
05-Jul-17,12.35,12.95,12.2,12.35,11.60K,-0.80%
06-Jul-17,12.2,12.25,12.2,12.2,1.80K,-1.21%
07-Jul-17,12.3,12.3,11.5,12.15,10.40K,-0.41%
10-Jul-17,12,12.25,12,12.15,9.10K,0.00%
11-Jul-17,13,13,12.95,12.95,20.40K,6.58%
13-Jul-17,13,13,13,13,8.10K,0.39%
14-Jul-17,12.6,12.6,12.6,12.6,3.10K,-3.08%
17-Jul-17,13,13,12.6,12.9,10.00K,2.38%
18-Jul-17,12.95,12.95,11.65,12.4,15.10K,-3.88%
19-Jul-17,12.4,12.4,12,12.25,3.30K,-1.21%
20-Jul-17,12,12,11.75,11.85,6.60K,-3.27%
21-Jul-17,12,12,12,12,3.60K,1.27%
24-Jul-17,12,12.9,11.5,11.95,7.60K,-0.42%
25-Jul-17,12,12.9,11.95,12.05,1.10K,0.84%
26-Jul-17,12.9,12.9,12.9,12.9,0.10K,7.05%
27-Jul-17,12.95,12.95,12.5,12.75,2.40K,-1.16%
28-Jul-17,12,12,12,12,4.80K,-5.88%
31-Jul-17,12.5,13,12,12.2,8.00K,1.67%
01-Aug-17,12.05,12.05,12,12,2.70K,-1.64%
02-Aug-17,12.95,13,12,12.05,55.60K,0.42%
03-Aug-17,12.1,12.1,11.75,12,10.20K,-0.41%
04-Aug-17,12.5,12.5,12.5,12.5,3.30K,4.17%
07-Aug-17,12,12.5,12,12.1,5.20K,-3.20%
09-Aug-17,12,12,12,12,20.50K,-0.83%
10-Aug-17,12.5,12.9,12.25,12.35,4.80K,2.92%
11-Aug-17,12.95,12.95,12.25,12.25,26.70K,-0.81%
14-Aug-17,12.35,12.35,12.35,12.35,65.00K,0.82%
15-Aug-17,12.95,12.95,12.55,12.85,16.70K,4.05%
16-Aug-17,12.8,12.85,12.8,12.85,4.20K,0.00%
17-Aug-17,12.95,12.95,12.55,12.9,0.90K,0.39%
18-Aug-17,12.55,12.55,12,12.1,6.00K,-6.20%
21-Aug-17,12.1,12.9,12.1,12.2,0.60K,0.83%
22-Aug-17,12.2,12.2,12.2,12.2,5.10K,0.00%
23-Aug-17,12.1,12.1,12,12.1,524.10K,-0.82%
24-Aug-17,12.2,12.2,12.2,12.2,0.90K,0.83%
25-Aug-17,12.5,12.6,12.1,12.5,21.00K,2.46%
28-Aug-17,12.2,12.5,12.2,12.45,4.00K,-0.40%
29-Aug-17,12.4,12.5,12.2,12.25,33.60K,-1.61%
30-Aug-17,12.5,12.5,11.8,12.35,18.40K,0.82%
31-Aug-17,12.25,12.25,12,12.2,78.60K,-1.21%
01-Sep-17,12.1,12.5,12,12.25,15.50K,0.41%
04-Sep-17,12.1,12.25,12.1,12.2,31.00K,-0.41%
05-Sep-17,12.5,12.5,12,12.1,4.50K,-0.82%
06-Sep-17,12.5,12.5,12.45,12.45,6.00K,2.89%
07-Sep-17,12,12.3,12,12.25,22.60K,-1.61%
08-Sep-17,12,12,12,12,19.70K,-2.04%
11-Sep-17,12,12,11.6,11.8,19.00K,-1.67%
12-Sep-17,11.65,11.65,11.6,11.6,11.90K,-1.69%
13-Sep-17,11.85,11.9,11,11.45,50.60K,-1.29%
14-Sep-17,11.7,11.7,11.5,11.55,4.60K,0.87%
15-Sep-17,11.5,12,11.5,11.5,50.80K,-0.43%
18-Sep-17,11.5,11.55,11.4,11.4,47.20K,-0.87%
19-Sep-17,12,12,11.25,11.25,107.40K,-1.32%
20-Sep-17,12.35,12.35,11,11.95,9.50K,6.22%
21-Sep-17,12,12,11.5,11.9,8.40K,-0.42%
22-Sep-17,11.5,11.5,11.15,11.35,6.60K,-4.62%
25-Sep-17,11.5,11.5,11,11.2,24.90K,-1.32%
26-Sep-17,11.9,11.9,11,11.1,17.40K,-0.89%
27-Sep-17,11.3,11.3,11.3,11.3,3.50K,1.80%
28-Sep-17,11,11.1,10.8,10.8,40.90K,-4.42%
29-Sep-17,10.8,11,10.8,10.95,23.30K,1.39%
02-Oct-17,10.9,11,10.5,10.6,57.20K,-3.20%
03-Oct-17,10.95,11,10.25,10.65,3.20K,0.47%
04-Oct-17,11,11.6,11,11.55,24.40K,8.45%
05-Oct-17,11.6,11.6,11,11.2,34.70K,-3.03%
06-Oct-17,11.5,11.5,11.2,11.4,21.40K,1.79%
09-Oct-17,11.5,11.5,10.6,10.7,3.80K,-6.14%
10-Oct-17,10.7,11.4,10.5,10.55,101.20K,-1.40%
11-Oct-17,11.5,11.5,10.3,10.7,20.90K,1.42%
12-Oct-17,10.9,10.9,10.5,10.6,3.90K,-0.93%
13-Oct-17,10.25,10.55,10.25,10.35,108.40K,-2.36%
16-Oct-17,10.5,10.5,10.3,10.4,6.70K,0.48%
17-Oct-17,10.5,10.5,10.25,10.25,41.50K,-1.44%
18-Oct-17,10.5,10.5,10.35,10.35,4.80K,0.98%
19-Oct-17,10.5,10.5,10.35,10.35,1.90K,0.00%
23-Oct-17,10.5,10.5,10.4,10.5,9.20K,1.45%
24-Oct-17,10.45,10.45,10.35,10.4,21.10K,-0.95%
27-Oct-17,10.4,10.4,10.35,10.35,5.70K,-0.48%
30-Oct-17,10.4,10.5,10.25,10.35,98.80K,0.00%
31-Oct-17,10.3,10.35,10.25,10.25,87.10K,-0.97%
01-Nov-17,10.3,10.3,10.3,10.3,59.80K,0.49%
02-Nov-17,10.35,10.4,10.3,10.3,87.20K,0.00%
03-Nov-17,10.3,10.3,10.1,10.25,91.30K,-0.49%
06-Nov-17,10.5,10.95,10.3,10.3,12.70K,0.49%
07-Nov-17,10.25,10.5,10,10.05,101.50K,-2.43%
08-Nov-17,10.25,10.25,10,10,54.80K,-0.50%
09-Nov-17,10.05,10.25,9.95,10,97.80K,0.00%
10-Nov-17,10,10.2,9.5,9.5,1.09M,-5.00%
13-Nov-17,10,10.4,10,10.3,7.10K,8.42%
14-Nov-17,10.1,10.1,10,10.05,16.90K,-2.43%
15-Nov-17,10.2,10.2,10,10,21.20K,-0.50%
16-Nov-17,10.05,10.3,10,10.25,74.20K,2.50%
17-Nov-17,10.5,11.25,10.5,10.6,45.20K,3.41%
20-Nov-17,11.2,11.2,10.5,10.65,2.20K,0.47%
21-Nov-17,10.5,10.6,10.5,10.55,2.30K,-0.94%
22-Nov-17,10.9,11.6,10.9,11.25,13.80K,6.64%
23-Nov-17,11,11.5,11,11.2,8.60K,-0.44%
24-Nov-17,11.2,11.3,11.2,11.2,15.20K,0.00%
27-Nov-17,11.2,11.6,11.2,11.3,2.30K,0.89%
29-Nov-17,11.2,11.3,10.65,11.1,8.80K,-1.77%
30-Nov-17,11.1,11.1,11,11.05,4.50K,-0.45%
01-Dec-17,10.8,10.8,10.65,10.75,12.10K,-2.71%
04-Dec-17,11.05,11.05,10.8,10.85,13.50K,0.93%
05-Dec-17,10.8,11,10.8,10.8,3.10K,-0.46%
06-Dec-17,10.8,11,10.65,10.8,15.70K,0.00%
07-Dec-17,10.8,11,10.65,10.75,15.80K,-0.46%
08-Dec-17,11,11,10.5,10.5,10.40K,-2.33%
11-Dec-17,10.75,11.25,10.75,10.8,10.20K,2.86%
13-Dec-17,11,11,10.5,10.55,2.00K,-2.31%
14-Dec-17,11,11,10.6,10.95,6.90K,3.79%
15-Dec-17,10.8,11,10.55,10.7,18.40K,-2.28%
18-Dec-17,10.8,10.8,10,10.4,109.90K,-2.80%
19-Dec-17,11.25,11.25,9.55,10.15,40.10K,-2.40%
20-Dec-17,10,10.4,10,10.3,23.10K,1.48%
21-Dec-17,10.4,11,10.4,11,4.94M,6.80%
22-Dec-17,11,11,10.6,10.65,1.70K,-3.18%
28-Dec-17,10.5,10.65,10,10.3,9.80K,-3.29%
29-Dec-17,10.8,11,10.5,10.7,5.90K,3.88%
02-Jan-18,10.5,10.5,10.4,10.45,6.40K,-2.34%
03-Jan-18,10.5,10.7,10.5,10.5,5.00K,0.48%
04-Jan-18,10.85,10.9,10.85,10.85,11.30K,3.33%
05-Jan-18,10.9,10.9,10.7,10.75,17.50K,-0.92%
08-Jan-18,10.7,10.7,10.2,10.65,30.80K,-0.93%
09-Jan-18,10.7,10.8,10.7,10.7,6.20K,0.47%
10-Jan-18,10.8,10.8,10.8,10.8,8.40K,0.93%
11-Jan-18,10.8,10.8,10.25,10.6,5.50K,-1.85%
12-Jan-18,10.8,10.8,10.4,10.65,11.80K,0.47%
15-Jan-18,10.7,10.7,10,10.1,56.10K,-5.16%
16-Jan-18,10.1,10.65,10.1,10.4,6.00K,2.97%
17-Jan-18,10.4,10.4,10.15,10.25,1.00K,-1.44%
18-Jan-18,10.4,10.5,10.3,10.4,18.70K,1.46%
19-Jan-18,10.65,10.7,10.5,10.65,14.00K,2.40%
23-Jan-18,10.55,10.7,10.55,10.65,7.50K,0.00%
24-Jan-18,10.5,10.65,10.5,10.55,8.00K,-0.94%
25-Jan-18,10.6,10.6,10.55,10.55,16.00K,0.00%
26-Jan-18,10.65,10.8,10.6,10.75,1.50K,1.90%
29-Jan-18,10.6,10.75,10.6,10.65,2.00K,-0.93%
30-Jan-18,11.2,11.2,10.8,11.15,17.00K,4.69%
01-Feb-18,12,12,10.65,10.65,7.70K,-4.48%
02-Feb-18,11.15,11.5,10.65,10.7,5.80K,0.47%
05-Feb-18,10.7,11.5,10.65,11.05,9.20K,3.27%
06-Feb-18,11,11.2,10,10,4.13M,-9.50%
07-Feb-18,11,11,10.4,10.4,3.50K,4.00%
08-Feb-18,10.4,10.65,10.4,10.4,5.60K,0.00%
09-Feb-18,10.65,10.65,10.4,10.5,9.70K,0.96%
12-Feb-18,10.4,10.4,10.4,10.4,2.30K,-0.95%
13-Feb-18,10.6,10.6,10.4,10.45,5.10K,0.48%
14-Feb-18,10.45,10.45,10.45,10.45,0.30K,0.00%
15-Feb-18,10.6,10.6,10.6,10.6,2.70K,1.44%
16-Feb-18,10.6,10.6,10.4,10.45,18.30K,-1.42%
19-Feb-18,10.6,10.7,10.6,10.6,13.80K,1.44%
20-Feb-18,11,11,10.6,10.6,7.40K,0.00%
21-Feb-18,11,11.1,10.4,10.5,61.50K,-0.94%
22-Feb-18,11,11,10.5,10.7,8.30K,1.90%
23-Feb-18,10.7,10.7,10.4,10.5,3.40K,-1.87%
26-Feb-18,10.5,10.5,10.5,10.5,7.40K,0.00%
27-Feb-18,10.3,10.5,10.2,10.2,11.10K,-2.86%
28-Feb-18,10.5,10.5,10.4,10.45,10.40K,2.45%
01-Mar-18,10.5,11,10.5,10.9,1.70K,4.31%
02-Mar-18,11,11.45,9.85,10.15,146.00K,-6.88%
05-Mar-18,10.45,10.45,10,10,13.50K,-1.48%
06-Mar-18,10,10.1,10,10,45.20K,0.00%
07-Mar-18,10.05,11,10.05,10.55,24.50K,5.50%
08-Mar-18,10.55,10.55,10.45,10.5,0.90K,-0.47%
09-Mar-18,10.5,10.55,10.05,10.15,46.40K,-3.33%
12-Mar-18,10.1,10.3,10.1,10.1,7.60K,-0.49%
13-Mar-18,10.15,10.15,10.15,10.15,3.00K,0.50%
14-Mar-18,11,11,10.8,11,10.20K,8.37%
15-Mar-18,10.25,10.3,10.2,10.2,5.00K,-7.27%
16-Mar-18,11,11,11,11,22.60K,7.84%
19-Mar-18,11,11,10.1,10.35,13.00K,-5.91%
20-Mar-18,11,11,10.35,10.4,1.10K,0.48%
21-Mar-18,11,11,10.35,10.45,0.90K,0.48%
22-Mar-18,10.5,10.5,10.5,10.5,9.50K,0.48%
23-Mar-18,10.55,11,10.55,10.75,2.90K,2.38%
26-Mar-18,10.6,11,10.6,10.6,16.80K,-1.40%
27-Mar-18,10.65,10.65,10.6,10.6,18.50K,0.00%
28-Mar-18,10.7,11,10.7,10.85,2.00K,2.36%
29-Mar-18,11.1,11.75,11.1,11.35,34.70K,4.61%
03-Apr-18,11,11.95,11,11.15,115.00K,-1.76%
04-Apr-18,12,12.25,11.85,12.05,79.30K,8.07%
05-Apr-18,12.25,12.5,12,12.4,1.49M,2.90%
06-Apr-18,12.25,12.6,12.25,12.35,4.10K,-0.40%
09-Apr-18,12.25,12.35,11.8,12,103.70K,-2.83%
10-Apr-18,11.95,12,11.8,11.85,11.60K,-1.25%
11-Apr-18,12,12,11.5,11.95,1.13M,0.84%
12-Apr-18,11.85,12.1,11.8,11.9,14.10K,-0.42%
13-Apr-18,12,12.3,12,12.05,73.80K,1.26%
16-Apr-18,12.2,12.2,12.15,12.15,7.90K,0.83%
17-Apr-18,12.15,12.15,12,12,9.80K,-1.23%
18-Apr-18,12,12,11,11.7,11.00K,-2.50%
19-Apr-18,11.9,11.9,11,11.1,1.50K,-5.13%
20-Apr-18,12,12,11.95,11.95,0.80K,7.66%
23-Apr-18,11.95,11.95,10.8,11.85,25.60K,-0.84%
24-Apr-18,11.7,11.7,11.5,11.6,4.40K,-2.11%
25-Apr-18,11.5,11.5,11,11.25,7.60K,-3.02%
26-Apr-18,11.5,11.5,11.5,11.5,7.50K,2.22%
27-Apr-18,11.7,11.7,11.05,11.15,1.00K,-3.04%
30-Apr-18,11.2,11.2,11.15,11.2,55.50K,0.45%
02-May-18,11.15,11.7,10.5,11,44.80K,-1.79%
03-May-18,11.5,11.5,11,11.25,10.80K,2.27%
04-May-18,11.25,11.5,11.25,11.4,1.50K,1.33%
07-May-18,12,12,11.75,11.95,12.00K,4.82%
08-May-18,11.95,11.95,11.95,11.95,1.50K,0.00%
09-May-18,11.95,11.95,11.5,11.9,52.30K,-0.42%
10-May-18,11.35,11.9,11.35,11.5,1.70K,-3.36%
11-May-18,11.7,12,11.5,11.95,293.90K,3.91%
14-May-18,11.5,12,11.35,11.45,217.80K,-4.18%
15-May-18,11.35,11.35,11.35,11.35,0.50K,-0.87%
16-May-18,11.45,11.5,11.45,11.45,5.10K,0.88%
17-May-18,11.5,12,11.35,11.5,116.00K,0.44%
18-May-18,11.85,11.85,11.3,11.3,3.10K,-1.74%
21-May-18,11.5,11.5,11.5,11.5,55.10K,1.77%
22-May-18,12,12,11.5,11.5,298.50K,0.00%
23-May-18,11.5,11.95,11.5,11.8,3.50K,2.61%
24-May-18,12,12,11.5,11.95,9.20K,1.27%
25-May-18,12,12,11.7,11.95,10.30K,0.00%
28-May-18,11.7,11.95,11.5,11.55,3.80K,-3.35%
29-May-18,12,12,11.35,11.6,18.60K,0.43%
30-May-18,11.5,11.5,11.5,11.5,5.40K,-0.86%
31-May-18,11.5,11.6,11.35,11.5,2.50K,0.00%
04-Jun-18,11.5,11.5,11.5,11.5,12.30K,0.00%
05-Jun-18,11.5,11.5,11.5,11.5,22.80K,0.00%
06-Jun-18,11.95,11.95,11,11.75,31.90K,2.17%
07-Jun-18,11.4,11.95,11.4,11.6,0.30K,-1.28%
08-Jun-18,11.95,11.95,11.4,11.75,2.60K,1.29%
11-Jun-18,11.75,11.75,11,11.45,8.50K,-2.55%
12-Jun-18,11.5,11.5,11.4,11.45,33.00K,0.00%
13-Jun-18,11.5,11.5,11.5,11.5,6.00K,0.44%
14-Jun-18,11.65,11.65,11.5,11.5,15.00K,0.00%
18-Jun-18,11.5,11.5,10.55,11.4,10.10K,-0.87%
19-Jun-18,11.4,11.5,11.4,11.45,1.00K,0.44%
20-Jun-18,11.45,11.5,11,11.45,54.90K,0.00%
21-Jun-18,11.5,11.5,11,11.05,33.10K,-3.49%
22-Jun-18,11.05,11.5,11,11.3,123.60K,2.26%
25-Jun-18,11.5,11.5,11.4,11.5,20.90K,1.77%
26-Jun-18,11.5,11.5,11,11.45,13.00K,-0.43%
27-Jun-18,11.9,11.9,11.5,11.5,17.40K,0.44%
28-Jun-18,11.25,11.5,11,11,164.50K,-4.35%
29-Jun-18,11.5,11.5,11.3,11.3,78.90K,2.73%
02-Jul-18,11.3,11.3,10.5,10.65,18.90K,-5.75%
03-Jul-18,11.2,11.2,10.5,10.55,2.90K,-0.94%
04-Jul-18,10.65,11.25,10.65,10.8,2.50K,2.37%
05-Jul-18,11.25,11.25,10.35,10.5,99.90K,-2.78%
06-Jul-18,11.25,11.25,10.5,11,0.30K,4.76%
09-Jul-18,10.5,11,10.5,10.5,1.20K,-4.55%
10-Jul-18,11,11,10.5,10.55,32.70K,0.48%
11-Jul-18,10.5,11,10.5,10.6,6.40K,0.47%
12-Jul-18,10.6,10.8,10.6,10.7,3.50K,0.94%
13-Jul-18,11,11,11,11,1.50K,2.80%
16-Jul-18,10.65,10.65,10.6,10.6,1.00K,-3.64%
17-Jul-18,10.6,11,10.6,10.65,159.00K,0.47%
18-Jul-18,10.6,10.65,10.5,10.55,35.00K,-0.94%
19-Jul-18,10.6,10.6,10.5,10.5,55.80K,-0.47%
20-Jul-18,10.6,10.6,10.5,10.55,4.10K,0.48%
23-Jul-18,10.6,11,10.6,10.7,4.10K,1.42%
24-Jul-18,10.6,10.6,10.1,10.55,28.50K,-1.40%
25-Jul-18,10.5,11,10.5,10.5,30.50K,-0.47%
26-Jul-18,11.55,11.55,10.5,10.55,5.50K,0.48%
27-Jul-18,11.55,11.55,10.5,10.6,8.30K,0.47%
30-Jul-18,10.55,10.6,10.55,10.55,1.50K,-0.47%
31-Jul-18,11.6,11.6,11.6,11.6,0.20K,9.95%
01-Aug-18,10.55,11.5,10.5,10.55,23.70K,-9.05%
02-Aug-18,10.6,10.6,10,10.1,62.60K,-4.27%
03-Aug-18,10.6,10.6,10.2,10.25,2.50K,1.49%
06-Aug-18,10.2,10.2,10.2,10.2,4.70K,-0.49%
07-Aug-18,10.2,10.5,10.15,10.2,24.60K,0.00%
08-Aug-18,10.15,10.15,10.1,10.15,9.40K,-0.49%
09-Aug-18,10.05,10.2,10.05,10.15,15.40K,0.00%
10-Aug-18,10.3,10.3,10.25,10.25,1.40K,0.99%
13-Aug-18,10.3,10.3,10.2,10.25,10.30K,0.00%
14-Aug-18,10.25,10.3,10.1,10.15,10.50K,-0.98%
15-Aug-18,10.25,10.25,10.25,10.25,0.30K,0.99%
16-Aug-18,10.25,10.25,10.2,10.15,6.50K,-0.98%
17-Aug-18,10.25,10.25,10.2,10.25,7.50K,0.99%
20-Aug-18,10.3,10.3,10.3,10.3,3.10K,0.49%
22-Aug-18,10.3,10.3,10.2,10.2,7.80K,-0.97%
23-Aug-18,10.25,10.25,10.2,10.2,3.60K,0.00%
24-Aug-18,10.2,10.2,10.2,10.2,0.50K,0.00%
27-Aug-18,10.2,10.2,10.2,10.2,4.70K,0.00%
28-Aug-18,10.25,10.25,10.2,10.2,15.20K,0.00%
29-Aug-18,10.25,10.25,10.2,10.2,8.80K,0.00%
30-Aug-18,10.3,10.3,10,10.15,7.00K,-0.49%
31-Aug-18,10.25,10.25,10,10,24.10K,-1.48%
03-Sep-18,10.2,10.25,10.2,10.2,1.20K,2.00%
04-Sep-18,10.25,10.25,9.5,9.85,16.60K,-3.43%
05-Sep-18,9.85,9.85,9.75,9.8,10.40K,-0.51%
06-Sep-18,9.8,10,9.8,9.8,5.20K,0.00%
07-Sep-18,9.8,9.85,9.8,9.8,8.70K,0.00%
10-Sep-18,9.8,9.9,9.75,9.8,4.30K,0.00%
11-Sep-18,10,10,9.9,9.9,1.90K,1.02%
12-Sep-18,10,10,9.8,9.9,11.20K,0.00%
13-Sep-18,9.9,10,9.6,9.85,11.40K,-0.51%
14-Sep-18,9.6,10,9,9.6,4.70K,-2.54%
17-Sep-18,10,10,9.6,9.7,5.60K,1.04%
18-Sep-18,9.6,10,9.2,9.5,36.30K,-2.06%
19-Sep-18,9.05,9.6,9.05,9.05,32.10K,-4.74%
20-Sep-18,9.6,9.6,9.1,9.3,9.40K,2.76%
21-Sep-18,9.1,9.3,9.1,9.15,6.20K,-1.61%
24-Sep-18,9.1,9.6,9.1,9.4,2.80K,2.73%
25-Sep-18,9.6,10,9.6,9.8,14.10K,4.26%
26-Sep-18,10,10.75,10,10.35,1.20K,5.61%
27-Sep-18,10.5,10.5,10.5,10.5,1.60K,1.45%
28-Sep-18,10.45,10.45,9.5,10.2,6.40K,-2.86%
01-Oct-18,10.5,10.5,10.2,10.25,0.70K,0.49%
02-Oct-18,10.3,10.3,10.3,10.3,1.50K,0.49%
03-Oct-18,10.3,10.5,9.8,10.1,52.40K,-1.94%
04-Oct-18,10,10.4,10,10.1,16.50K,0.00%
05-Oct-18,10.4,10.4,9.9,10,5.70K,-0.99%
08-Oct-18,10.5,10.5,9.5,10.05,10.00K,0.50%
09-Oct-18,10.45,10.45,9.45,9.9,3.30K,-1.49%
11-Oct-18,9.9,10.5,9.9,10,1.20K,1.01%
15-Oct-18,10.3,10.3,10,10.1,3.00K,1.00%
16-Oct-18,10,10.15,9.4,9.9,21.70K,-1.98%
18-Oct-18,10.2,10.2,9.9,9.95,32.50K,0.51%
19-Oct-18,10,10,10,10,4.50K,0.50%
23-Oct-18,10,10,10,10,1.80K,0.00%
24-Oct-18,9.9,10.8,9.8,9.85,49.30K,-1.50%
25-Oct-18,9.95,9.95,9.95,9.95,29.60K,1.02%
26-Oct-18,10,10,10,10,2.80K,0.50%
30-Oct-18,10.8,10.8,10,10.1,1.70K,1.00%
31-Oct-18,10.15,10.6,10.15,10.55,6.70K,4.46%
02-Nov-18,10.15,10.15,10.15,10.15,5.00K,-3.79%
05-Nov-18,10.6,10.6,10.5,10.5,23.60K,3.45%
06-Nov-18,10.6,10.6,9.8,10.2,25.20K,-2.86%
07-Nov-18,10.1,10.1,9.8,9.9,5.00K,-2.94%
09-Nov-18,10.8,10.8,10,10.35,1.40K,4.55%
12-Nov-18,10,10,10,10,16.70K,-3.38%
13-Nov-18,10,10,10,10,3.20K,0.00%
14-Nov-18,10,10.6,10,10.2,7.50K,2.00%
15-Nov-18,10.6,10.6,10.05,10.45,3.50K,2.45%
16-Nov-18,10.1,10.1,10.1,10.1,0.40K,-3.35%
19-Nov-18,9.5,9.5,9.5,9.5,0.50K,-5.94%
20-Nov-18,9.5,10,9.5,9.75,10.30K,2.63%
22-Nov-18,9.75,10.5,9.5,9.85,8.30K,1.03%
23-Nov-18,9.75,10.5,9.5,9.65,7.20K,-2.03%
26-Nov-18,10,10,10,10,2.00K,3.63%
27-Nov-18,10,10.5,10,10.4,12.50K,4.00%
28-Nov-18,10,10.4,10,10.1,3.50K,-2.88%
29-Nov-18,10,10,10,10,5.00K,-0.99%
30-Nov-18,10.15,10.15,10,10,7.70K,0.00%
03-Dec-18,10,10,9,9.24,5.00K,-7.60%
04-Dec-18,10,10,9.02,9.58,11.70K,3.68%
05-Dec-18,9.58,9.58,9.58,9.58,0.40K,0.00%
06-Dec-18,9.6,9.6,9,9.08,8.10K,-5.22%
10-Dec-18,9.52,9.52,9.52,9.52,0.10K,4.85%
11-Dec-18,10,10.4,10,10,11.50K,5.04%
13-Dec-18,9.6,10.5,9.6,10.4,18.50K,4.00%
14-Dec-18,10,10.5,10,10.2,2.30K,-1.92%
17-Dec-18,10.4,11.2,10.25,10.4,20.00K,1.96%
18-Dec-18,10.25,10.25,10,10,4.40K,-3.85%
19-Dec-18,10.1,10.1,10,10,5.70K,0.00%
20-Dec-18,10.2,10.2,10.2,10.2,3.30K,2.00%
21-Dec-18,11.2,11.2,11,11.15,1.80K,9.31%
24-Dec-18,11.1,11.1,11,11.05,2.00K,-0.90%
27-Dec-18,11.1,11.2,11,11.1,23.70K,0.45%
28-Dec-18,10.5,11.05,10.5,10.95,0.60K,-1.35%
02-Jan-19,10.75,10.75,10.75,10.75,0.10K,-1.83%
03-Jan-19,11,11,11,11,0.30K,2.33%
04-Jan-19,10,10.5,10,10.15,8.20K,-7.73%
07-Jan-19,10,10.8,10,10.3,2.90K,1.48%
09-Jan-19,10,10,10,10,7.30K,-2.91%
10-Jan-19,10.3,10.3,10,10.15,4.80K,1.50%
11-Jan-19,10.25,10.25,10,10,7.50K,-1.48%
14-Jan-19,10,10.3,10,10,17.20K,0.00%
15-Jan-19,10,10.3,10,10.05,3.90K,0.50%
16-Jan-19,10,10,10,10,8.00K,-0.50%
17-Jan-19,10.1,10.3,10,10.05,7.70K,0.50%
18-Jan-19,10,10,9.8,9.82,11.50K,-2.29%
21-Jan-19,9.8,9.8,9.8,9.8,5.00K,-0.20%
22-Jan-19,9.8,9.82,9.7,9.72,1.60K,-0.82%
23-Jan-19,9.8,10,9.04,9.14,76.10K,-5.97%
24-Jan-19,10,10,10,10,3.90K,9.41%
25-Jan-19,10,10.9,10,10.2,4.70K,2.00%
28-Jan-19,10,10,10,10,8.80K,-1.96%
29-Jan-19,10,10,10,10,14.80K,0.00%
30-Jan-19,10,10,10,10,3.30K,0.00%
31-Jan-19,10,10.5,10,10.1,1.50K,1.00%
01-Feb-19,10.4,10.4,10,10.3,6.50K,1.98%
05-Feb-19,10.3,10.5,10.1,10.3,4.50K,0.00%
06-Feb-19,10.3,10.3,10,10,81.60K,-2.91%
07-Feb-19,10.4,10.4,10.4,10.4,5.00K,4.00%
08-Feb-19,10.35,10.35,10,10,21.10K,-3.85%
11-Feb-19,10.4,10.4,10,10,9.80K,0.00%
12-Feb-19,10,10,10,10,2.60K,0.00%
13-Feb-19,10,10.2,10,10.1,15.40K,1.00%
15-Feb-19,10.1,11,10,10.05,7.20K,-0.50%
18-Feb-19,11,11,10,10.4,8.40K,3.48%
19-Feb-19,10.5,10.5,10.5,10.5,1.30K,0.96%
20-Feb-19,10.25,10.5,9.5,9.84,15.10K,-6.29%
21-Feb-19,10,10,9.5,9.5,68.90K,-3.46%
22-Feb-19,9.4,9.4,9.4,9.4,4.70K,-1.05%
25-Feb-19,9.5,9.5,9.5,9.5,42.30K,1.06%
26-Feb-19,10,10,10,10,3.00K,5.26%
27-Feb-19,10,10,9.9,9.96,15.40K,-0.40%
28-Feb-19,9.9,9.9,9.5,9.66,14.90K,-3.01%
01-Mar-19,9.9,9.9,9.7,9.88,6.00K,2.28%
04-Mar-19,9.7,9.9,9.7,9.72,1.10K,-1.62%
05-Mar-19,9.9,9.9,9.1,9.5,49.10K,-2.26%
07-Mar-19,9.5,9.5,9.4,9.4,32.60K,-1.05%
08-Mar-19,9.5,9.5,9.5,9.5,0.50K,1.06%
11-Mar-19,9.5,9.5,9.22,9.48,1.60K,-0.21%
12-Mar-19,9,9.5,9,9,3.70K,-5.06%
13-Mar-19,9.5,9.5,9.5,9.5,3.70K,5.56%
14-Mar-19,9.5,9.5,9,9.44,20.70K,-0.63%
15-Mar-19,9.48,9.5,9,9.08,3.60K,-3.81%
18-Mar-19,9.1,9.1,8.5,8.98,80.30K,-1.10%
19-Mar-19,9,9.5,8.5,9.4,12.30K,4.68%
20-Mar-19,9.4,9.4,9.4,9.4,0.10K,0.00%
21-Mar-19,9.4,9.4,9.4,9.4,17.40K,0.00%
22-Mar-19,9.9,9.9,9.4,9.48,12.60K,0.85%
25-Mar-19,9.36,9.36,8.6,8.94,47.00K,-5.70%
26-Mar-19,9,9.36,9,9.02,8.40K,0.89%
27-Mar-19,9.36,9.36,8.5,8.82,50.70K,-2.22%
28-Mar-19,8.5,9,8,8.16,18.90K,-7.48%
29-Mar-19,9,9.9,9,9.24,30.70K,13.24%
02-Apr-19,10,11,10,10.75,34.30K,16.34%
03-Apr-19,10.5,11,10.5,10.7,36.80K,-0.47%
04-Apr-19,10.95,10.95,10.85,10.85,9.50K,1.40%
05-Apr-19,10.7,10.7,10,10.1,17.80K,-6.91%
08-Apr-19,10,10.45,9.7,10,10.10K,-0.99%
09-Apr-19,10,10,9.5,9.72,20.70K,-2.80%
10-Apr-19,10,10,9,9.56,3.10K,-1.65%
11-Apr-19,9.5,9.8,9.5,9.74,2.50K,1.88%
12-Apr-19,9.7,9.7,9,9.28,5.10K,-4.72%
15-Apr-19,9.8,9.8,9.1,9.44,6.10K,1.72%
16-Apr-19,9.28,9.28,9.28,9.28,4.00K,-1.69%
17-Apr-19,9.3,9.44,9,9.4,13.50K,1.29%
18-Apr-19,9.8,9.8,9.3,9.72,6.00K,3.40%
23-Apr-19,9.3,9.3,8.8,8.94,19.20K,-8.02%
24-Apr-19,9.8,9.8,8.8,9.08,5.10K,1.57%
25-Apr-19,8.94,9,8.8,8.96,17.80K,-1.32%
26-Apr-19,8.96,9.8,8.96,9.36,2.00K,4.46%
29-Apr-19,8.5,9.8,8.5,9.06,3.20K,-3.21%
30-Apr-19,8.6,8.6,8.6,8.6,0.50K,-5.08%
02-May-19,8.9,9.1,8.9,8.94,15.20K,3.95%
03-May-19,9,9,8.9,8.98,11.70K,0.45%
06-May-19,9,9,8.1,8.46,16.70K,-5.79%
07-May-19,9,9,7.8,8,496.90K,-5.44%
08-May-19,8,8.5,8,8.22,11.20K,2.75%
09-May-19,8.8,9,8.8,8.9,0.20K,8.27%
10-May-19,8.4,8.5,8.2,8.42,21.20K,-5.39%
13-May-19,8.5,8.6,8,8.08,18.80K,-4.04%
14-May-19,8.58,8.7,8,8.34,26.30K,3.22%
15-May-19,8.9,9,7.6,7.88,92.90K,-5.52%
16-May-19,8.04,8.04,8.04,8.04,1.00K,2.03%
17-May-19,8.7,8.7,7.7,7.7,501.80K,-4.23%
20-May-19,7.7,8,7.7,7.7,5.10K,0.00%
21-May-19,8.46,8.46,7.7,7.7,657.40K,0.00%
22-May-19,8.4,8.4,8.4,8.4,12.90K,9.09%
27-May-19,9,9,9,9,0.40K,7.14%
28-May-19,9,9,8.5,8.86,2.80K,-1.56%
29-May-19,8.86,9.6,8.6,8.68,126.00K,-2.03%
30-May-19,8.72,8.72,8.4,8.48,12.10K,-2.30%
31-May-19,9,9,9,9,1.50K,6.13%
03-Jun-19,8.5,8.5,8.5,8.5,3.00K,-5.56%
04-Jun-19,9.34,9.34,8.5,8.92,8.70K,4.94%
06-Jun-19,9.34,9.34,9.1,9.28,5.10K,4.04%
07-Jun-19,9.34,9.54,8.8,9,1.40K,-3.02%
10-Jun-19,9,9.5,9,9.02,1.90K,0.22%
11-Jun-19,9,9.5,8.6,8.88,12.20K,-1.55%
12-Jun-19,9.4,9.4,8.52,8.68,1.40K,-2.25%
13-Jun-19,9.2,9.2,9.2,9.2,0.10K,5.99%
14-Jun-19,9,9.36,9,9.02,11.50K,-1.96%
17-Jun-19,9.2,9.2,8.7,8.8,20.20K,-2.44%
18-Jun-19,9,9.2,8.7,8.72,30.60K,-0.91%
20-Jun-19,8.9,9,8.9,8.98,11.20K,2.98%
21-Jun-19,9,9,9,9,2.30K,0.22%
24-Jun-19,9,9,8.6,8.84,4.70K,-1.78%
25-Jun-19,9,9,9,9,0.50K,1.81%
26-Jun-19,9,9,8.6,8.82,4.70K,-2.00%
27-Jun-19,8.8,9.5,8.8,8.8,21.70K,-0.23%
28-Jun-19,9.5,9.5,9,9.2,8.30K,4.55%
01-Jul-19,9,9.1,8.6,8.94,20.40K,-2.83%
02-Jul-19,8.6,9.1,8.6,8.7,6.90K,-2.68%
03-Jul-19,8.6,8.6,8.52,8.6,48.40K,-1.15%
05-Jul-19,8.8,8.8,8.8,8.8,0.20K,2.33%
08-Jul-19,8.8,8.8,8.52,8.7,4.10K,-1.14%
09-Jul-19,8.8,9.3,8.7,8.72,2.60K,0.23%
10-Jul-19,9.3,9.3,9.3,9.3,0.20K,6.65%
11-Jul-19,8.92,8.92,8.5,8.66,4.30K,-6.88%
15-Jul-19,9,9,9,9,19.10K,3.93%
16-Jul-19,9,9,8.52,8.72,3.40K,-3.11%
17-Jul-19,9,9,9,9,1.80K,3.21%
18-Jul-19,9,9,9,9,0.10K,0.00%
19-Jul-19,9,9,8.72,8.84,1.30K,-1.78%
23-Jul-19,9,9,8.84,8.96,15.80K,1.36%
24-Jul-19,9,9,8.5,8.8,62.10K,-1.79%
25-Jul-19,9,9,8.1,8.48,14.10K,-3.64%
26-Jul-19,9,9,9,9,0.20K,6.13%
29-Jul-19,9,9,8.1,8.56,19.60K,-4.89%
30-Jul-19,8.12,8.6,8.1,8.46,26.90K,-1.17%
31-Jul-19,9,9,8.7,8.98,1.80K,6.15%
01-Aug-19,9,9,8.8,8.96,4.60K,-0.22%
02-Aug-19,8.96,8.96,8.2,8.54,20.70K,-4.69%
05-Aug-19,8.96,9,8.96,8.98,2.00K,5.15%
06-Aug-19,8.9,8.96,8.1,8.56,7.10K,-4.68%
07-Aug-19,8.3,8.32,8.3,8.3,14.40K,-3.04%
08-Aug-19,8.3,8.3,8.3,8.3,1.70K,0.00%
09-Aug-19,8.9,8.9,8.9,8.9,0.20K,7.23%
13-Aug-19,8.9,8.9,8.8,8.84,0.40K,-0.67%
14-Aug-19,8.8,8.8,8.8,8.8,4.10K,-0.45%
15-Aug-19,8.8,8.8,8.7,8.72,68.30K,-0.91%
16-Aug-19,8.8,8.8,8.8,8.8,0.10K,0.92%
19-Aug-19,8.8,8.84,8.3,8.68,9.70K,-1.36%
20-Aug-19,8.5,8.5,8.48,8.5,2.80K,-2.07%
21-Aug-19,8.3,8.4,8.3,8.32,6.30K,-2.12%
22-Aug-19,8.2,8.48,8.06,8.42,10.50K,1.20%
23-Aug-19,8.5,8.5,8.5,8.5,0.80K,0.95%
26-Aug-19,8.42,8.42,8,8,46.50K,-5.88%
27-Aug-19,8.5,8.5,8,8.46,6.90K,5.75%
28-Aug-19,8.3,8.46,8,8.02,232.00K,-5.20%
29-Aug-19,8.46,8.46,8.02,8.06,11.60K,0.50%
30-Aug-19,8.02,8.02,8,8,14.60K,-0.74%
02-Sep-19,8.2,8.2,8,8.1,5.70K,1.25%
03-Sep-19,8,8,7.7,7.76,96.00K,-4.20%
04-Sep-19,8,8,7.62,7.8,45.30K,0.52%
05-Sep-19,7.7,7.9,7.7,7.8,2.40K,0.00%
06-Sep-19,7.9,7.9,7.5,7.7,33.20K,-1.28%
09-Sep-19,7.8,7.8,7.5,7.66,10.00K,-0.52%
10-Sep-19,7.7,7.7,7.6,7.68,10.70K,0.26%
11-Sep-19,7.66,7.7,6.94,7.46,48.80K,-2.86%
12-Sep-19,7.6,7.6,7.5,7.58,11.20K,1.61%
13-Sep-19,7.1,7.1,7,7,27.30K,-7.65%
16-Sep-19,7.2,7.4,7,7.04,151.90K,0.57%
17-Sep-19,7,7.7,6.88,7,180.60K,-0.57%
18-Sep-19,7.7,7.7,7.02,7.5,5.60K,7.14%
19-Sep-19,7.64,7.64,7.6,7.62,3.60K,1.60%
20-Sep-19,7.6,7.64,7.6,7.62,5.40K,0.00%
23-Sep-19,7.64,7.64,7.3,7.46,79.50K,-2.10%
24-Sep-19,7.6,7.6,7.1,7.26,13.50K,-2.68%
25-Sep-19,7.6,7.6,7.5,7.52,13.90K,3.58%
26-Sep-19,7.58,7.6,7.5,7.52,19.40K,0.00%
27-Sep-19,7.6,7.6,7.58,7.6,48.20K,1.06%
30-Sep-19,7.6,7.6,7.6,7.6,1.60K,0.00%
01-Oct-19,7.78,7.78,7.78,7.78,2.60K,2.37%
02-Oct-19,7.78,8,7.7,7.78,5.10K,0.00%
03-Oct-19,8,8.1,7.8,7.98,18.20K,2.57%
04-Oct-19,7.8,8.14,7.8,7.82,32.80K,-2.01%
08-Oct-19,8.24,8.24,8.24,8.24,1.00K,5.37%
09-Oct-19,8.58,8.58,8.58,8.58,1.80K,4.13%
11-Oct-19,8.58,8.58,8.24,8.28,9.40K,-3.50%
14-Oct-19,8.26,8.26,8.26,8.26,1.20K,-0.24%
15-Oct-19,8.56,8.56,8.56,8.56,1.10K,3.63%
16-Oct-19,8.56,8.7,8.24,8.36,18.80K,-2.34%
17-Oct-19,8.7,8.7,8.7,8.7,3.50K,4.07%
18-Oct-19,8.7,8.7,8.5,8.52,3.80K,-2.07%
22-Oct-19,8.7,8.7,8.5,8.66,22.20K,1.64%
23-Oct-19,8.66,8.66,8.66,8.66,2.20K,0.00%
24-Oct-19,8.66,8.66,8.5,8.58,5.80K,-0.92%
25-Oct-19,8.6,8.66,8.5,8.54,3.80K,-0.47%
28-Oct-19,8.54,8.7,8.5,8.6,10.30K,0.70%
29-Oct-19,9,9,8.24,8.52,7.60K,-0.93%
30-Oct-19,8.2,8.52,8.2,8.46,5.00K,-0.70%
31-Oct-19,9,9,8.6,8.82,18.10K,4.26%
01-Nov-19,8.88,8.88,8.8,8.86,2.90K,0.45%
04-Nov-19,8.8,9,8.7,8.76,9.90K,-1.13%
05-Nov-19,8.8,8.8,8.7,8.7,49.70K,-0.68%
06-Nov-19,8.8,8.8,8.5,8.52,54.40K,-2.07%
07-Nov-19,8.7,8.7,8.7,8.7,1.70K,2.11%
08-Nov-19,8.66,9,8.66,8.78,57.90K,0.92%
11-Nov-19,9,9,8.84,8.98,3.20K,2.28%
12-Nov-19,9,9,8.98,8.98,13.00K,0.00%
13-Nov-19,9,9,8.84,8.9,0.80K,-0.89%
14-Nov-19,9,9,8.6,8.74,15.40K,-1.80%
15-Nov-19,9,9,8.6,8.78,7.40K,0.46%
18-Nov-19,8.78,8.78,8.6,8.6,3.70K,-2.05%
19-Nov-19,8.78,8.78,8.6,8.66,3.30K,0.70%
20-Nov-19,8.7,8.98,8.7,8.72,30.70K,0.69%
21-Nov-19,8.7,8.7,8.5,8.6,27.10K,-1.38%
22-Nov-19,8.5,8.5,8.4,8.46,5.50K,-1.63%
25-Nov-19,8.7,8.7,8.7,8.7,1.20K,2.84%
26-Nov-19,8.16,8.5,8.16,8.46,2.40K,-2.76%
27-Nov-19,8.5,8.5,8.4,8.5,12.10K,0.47%
28-Nov-19,8.5,8.5,8.5,8.5,22.50K,0.00%
29-Nov-19,8.6,8.6,8.6,8.6,0.20K,1.18%
02-Dec-19,8.98,9.3,8.98,9.26,2.10K,7.67%
03-Dec-19,9,9,8.7,8.84,1.30K,-4.54%
04-Dec-19,8.62,8.7,8.6,8.62,5.30K,-2.49%
05-Dec-19,9,9,9,9,0.50K,4.41%
06-Dec-19,8.72,9,8.72,8.78,6.80K,-2.44%
09-Dec-19,8.74,8.9,8.72,8.76,40.50K,-0.23%
10-Dec-19,8.72,9.3,8.72,8.78,1.70K,0.23%
11-Dec-19,8.76,8.76,8.76,8.76,2.20K,-0.23%
13-Dec-19,9,9,8.8,8.84,0.50K,0.91%
16-Dec-19,8.9,8.9,8.78,8.84,19.70K,0.00%
17-Dec-19,9,9.3,8.74,8.8,1.90K,-0.45%
18-Dec-19,9.1,9.1,9.1,9.1,0.20K,3.41%
19-Dec-19,8.8,9.1,8.8,8.9,3.80K,-2.20%
20-Dec-19,8.8,9.1,8.8,8.82,2.40K,-0.90%
23-Dec-19,8.9,8.9,8.9,8.9,14.50K,0.91%
24-Dec-19,8.9,8.9,8.9,8.9,1.50K,0.00%
27-Dec-19,8.9,8.9,8.9,8.9,0.10K,0.00%
30-Dec-19,9.4,9.4,9.2,9.4,4.10K,5.62%
31-Dec-19,9.42,9.5,9.4,9.42,10.10K,0.21%
02-Jan-20,9.2,9.8,9.2,9.62,7.50K,2.12%
